Keyword,Searches
пластиковые окна,450000
[пластиковые окна],60500
пластиковые окна киев,14800
[пластиковые окна киев],1900
пластиковые окна спб,4400
[пластиковые окна спб],1000
[пластиковые окна самара],480
пластиковые окна самара,1600
[пластиковые окна харьков],880
пластиковые окна харьков,5400
пластиковые окна днепропетровск,1900
[пластиковые окна днепропетровск],320
[пластиковые окна екатеринбург],1000
пластиковые окна екатеринбург,2900
[пластиковые окна воронеж],720
пластиковые окна воронеж,1900
пластиковые окна мытищи,390
[пластиковые окна мытищи],210
пластиковые окна kaleva,480
[пластиковые окна kaleva],170
пластиковые окна балашиха,480
[пластиковые окна балашиха],170
пластиковые окна саратов,1300
[пластиковые окна саратов],590
пластиковые окна казань,1600
[пластиковые окна казань],720
пластиковые окна химки,390
[пластиковые окна химки],170
пластиковые окна волгоград,1300
[пластиковые окна волгоград],480
пластиковые окна краснодар,1600
[пластиковые окна краснодар],480
пластиковые окна нижний новгород,3600
[пластиковые окна нижний новгород],720
пластиковые окна уфа,1300
[пластиковые окна уфа],480
пластиковые окна в спб,4400
[пластиковые окна в спб],210
пластиковые окна челябинск,1300
[пластиковые окна челябинск],590
пластиковые окна донецк,1600
[пластиковые окна донецк],390
пластиковые окна красноярск,590
[пластиковые окна красноярск],260
пластиковые окна киров,720
[пластиковые окна киров],320
пластиковые окна санкт петербург,480
[пластиковые окна санкт петербург],140
пластиковые окна люберцы,480
[пластиковые окна люберцы],140
пластиковые окна омск,880
[пластиковые окна омск],260
пластиковые окна оренбург,720
[пластиковые окна оренбург],260
пластиковые окна тюмень,880
[пластиковые окна тюмень],320
пластиковые окна ижевск,480
[пластиковые окна ижевск],210
пластиковые окна белгород,480
[пластиковые окна белгород],260
пластиковые окна минск,880
[пластиковые окна минск],260
пластиковые окна пермь,720
[пластиковые окна пермь],210
пластиковые окна ярославль,590
[пластиковые окна ярославль],210
пластиковые окна тверь,480
[пластиковые окна тверь],170
пластиковые окна калининград,590
[пластиковые окна калининград],170
пластиковые окна липецк,390
[пластиковые окна липецк],170
пластиковые окна тула,1300
[пластиковые окна тула],170
пластиковые окна чебоксары,480
[пластиковые окна чебоксары],320
пластиковые окна владивосток,390
[пластиковые окна владивосток],210
пластиковые окна украина,720
[пластиковые окна украина],58
пластиковые окна хабаровск,720
[пластиковые окна хабаровск],260
пластиковые окна пенза,480
[пластиковые окна пенза],140
пластиковые окна томск,880
[пластиковые окна томск],320
пластиковые окна одинцово,720
[пластиковые окна одинцово],170
пластиковые окна иркутск,590
[пластиковые окна иркутск],260
пластиковые окна одесса,2900
[пластиковые окна одесса],210
пластиковые окна петрозаводск,170
[пластиковые окна петрозаводск],73
пластиковые окна барнаул,480
[пластиковые окна барнаул],170
пластиковые окна новосибирск,1900
[пластиковые окна новосибирск],720
пластиковые окна серпухов,140
[пластиковые окна серпухов],73
пластиковые окна зеленоград,480
[пластиковые окна зеленоград],210
пластиковые окна цена киев,3600
[пластиковые окна цена киев],73
пластиковые окна подольск,590
[пластиковые окна подольск],170
пластиковые окна пушкино,320
[пластиковые окна пушкино],140
пластиковые окна сургут,320
[пластиковые окна сургут],110
пластиковые окна рязань,480
[пластиковые окна рязань],140
пластиковые окна смоленск,260
[пластиковые окна смоленск],91
пластиковые окна харьков цена,1300
[пластиковые окна харьков цена],210
пластиковые окна набережные челны,260
[пластиковые окна набережные челны],110
пластиковые окна новокузнецк,210
[пластиковые окна новокузнецк],73
пластиковые окна ростов,1000
[пластиковые окна ростов],140
пластиковые окна полтава,320
[пластиковые окна полтава],73
пластиковые окна курск,260
[пластиковые окна курск],73
пластиковые окна луганск,480
[пластиковые окна луганск],110
пластиковые окна псков,170
[пластиковые окна псков],73
пластиковые окна долгопрудный,260
[пластиковые окна долгопрудный],91
пластиковые окна архангельск,210
[пластиковые окна архангельск],73
пластиковые окна обнинск,140
[пластиковые окна обнинск],73
пластиковые окна кемерово,320
[пластиковые окна кемерово],110
пластиковые окна брянск,210
[пластиковые окна брянск],91
пластиковые окна лобня,260
[пластиковые окна лобня],110
пластиковые окна ставрополь,260
[пластиковые окна ставрополь],91
пластиковые окна в одинцово,720
[пластиковые окна в одинцово],110
пластиковые окна раменское,140
[пластиковые окна раменское],73
пластиковые окна реутов,260
[пластиковые окна реутов],110
пластиковые окна ростов на дону,390
[пластиковые окна ростов на дону],91
пластиковые окна истра,210
[пластиковые окна истра],91
пластиковые окна иваново,210
[пластиковые окна иваново],91
пластиковые окна в орехово-зуево,73
[пластиковые окна в орехово-зуево],46
пластиковые окна житомир,390
[пластиковые окна житомир],58
пластиковые окна черкассы,320
[пластиковые окна черкассы],46
[пластиковые окна киев калькулятор],36
пластиковые окна киев калькулятор,170
[пластиковые окна киев цена],210
пластиковые окна киев цена,3600
пластиковые окна львов,110
[пластиковые окна львов],28
пластиковые окна звенигород,140
[пластиковые окна звенигород],58
пластиковые окна калуга,880
[пластиковые окна калуга],140
киев пластиковые окна,14800
[киев пластиковые окна],36
пластиковые окна ульяновск,590
[пластиковые окна ульяновск],260
пластиковые окна в тольятти,390
[пластиковые окна в тольятти],36
казань пластиковые окна,1600
[казань пластиковые окна],16
пластиковые окна абакан,91
[пластиковые окна абакан],28
пластиковые окна чита,110
[пластиковые окна чита],36
пластиковые окна в кемерово,320
[пластиковые окна в кемерово],22
окна пластиковые киев,14800
[окна пластиковые киев],720
самара пластиковые окна,1600
[самара пластиковые окна],28
пластиковые окна щелково,320
[пластиковые окна щелково],140
пластиковые окна красногорск,260
[пластиковые окна красногорск],140
пластиковые окна тольятти,390
[пластиковые окна тольятти],140
пластиковые окна симферополь,720
[пластиковые окна симферополь],140
харьков пластиковые окна,5400
[харьков пластиковые окна],28
новосибирск пластиковые окна,1900
[новосибирск пластиковые окна],36
воронеж пластиковые окна,1900
[воронеж пластиковые окна],36
екатеринбург пластиковые окна,2900
[екатеринбург пластиковые окна],28
уфа пластиковые окна,1300
[уфа пластиковые окна],16
пластиковые окна винница,480
[пластиковые окна винница],110
пластиковые окна дмитров,210
[пластиковые окна дмитров],110
[воскресенск пластиковые окна],16
воскресенск пластиковые окна,110
[пластиковые окна москва],1900
пластиковые окна москва,18100
[пластиковые окна москва цены],480
пластиковые окна москва цены,2900
пластиковые окна цены москва,2900
[пластиковые окна цены москва],320
окна москва,40500
[окна москва],720
окна rehau москва,3600
[окна rehau москва],480
москва пластиковые окна,18100
[москва пластиковые окна],260
пластиковые окна г москва,390
[пластиковые окна г москва],320
окна пластиковые москва,18100
[окна пластиковые москва],390
купить пластиковые окна москва,1600
[купить пластиковые окна москва],480
окна пластиковые москва rehau,2400
[окна пластиковые москва rehau],170
окна москва пвх,8100
[окна москва пвх],140
отличные окна москва,260
[отличные окна москва],210
[окна пластиковые цены москва],170
окна пластиковые цены москва,2900
[деревянные окна москва],390
деревянные окна москва,1900
пластиковые окна пвх москва,2900
[пластиковые окна пвх москва],260
[пластиковые окна дешево москва],170
пластиковые окна дешево москва,1600
жалюзи на пластиковые окна москва,46
[жалюзи на пластиковые окна москва],36
пластиковый окна москва,140
[пластиковый окна москва],36
пластиковые окна kbe москва,480
[пластиковые окна kbe москва],73
пластиковые окна москва стоимость,390
[пластиковые окна москва стоимость],140
окна пвх москва,8100
[окна пвх москва],880
пластиковые окна установка москва,1300
[пластиковые окна установка москва],110
пластиковые окна rehau москва,2400
[пластиковые окна rehau москва],140
окна пвх цены москва,1000
[окна пвх цены москва],480
окна пвх пластиковый москва,28
[окна пвх пластиковый москва],28
окна пвх москва цены,1000
[окна пвх москва цены],320
москва окна пвх,8100
[москва окна пвх],22
купить окна деревянные москва,480
[купить окна деревянные москва],46
дешевые пластиковые окна,9900
[дешевые пластиковые окна],720
[самые дешевые пластиковые окна],390
самые дешевые пластиковые окна,1300
дешевые пластиковые окна цены,1600
[дешевые пластиковые окна цены],320
[пластиковые окна дешевые],91
пластиковые окна дешевые,9900
[пластиковые окна цены дешевые],210
пластиковые окна цены дешевые,1600
пластиковые окна самые дешевые,1300
[пластиковые окна самые дешевые],170
дешевые пластиковые окна в москве,1300
[дешевые пластиковые окна в москве],320
дешевые окна пвх,2900
[дешевые окна пвх],480
дешевые окна,18100
[дешевые окна],590
дешевые окна пластиковые,9900
[дешевые окна пластиковые],390
[купить пластиковые окна],2400
купить пластиковые окна,27100
[пластиковые окна купить],720
пластиковые окна купить,27100
[купить пластиковые окна пвх],480
купить пластиковые окна пвх,2400
[где купить пластиковые окна],590
где купить пластиковые окна,27100
пластиковые окна купить цены,6600
[пластиковые окна купить цены],390
купить пластиковые окна в москве,1900
[купить пластиковые окна в москве],480
купить пластиковые окна дешево,1300
[купить пластиковые окна дешево],320
купить пластиковые окна в киеве,2900
[купить пластиковые окна в киеве],110
[купить пластиковые окна киев],170
купить пластиковые окна киев,2900
жалюзи на пластиковые окна купить,590
[жалюзи на пластиковые окна купить],58
купить окна пластиковые,27100
[купить окна пластиковые],170
купить пластиковые окна цены,6600
[купить пластиковые окна цены],210
окна пластиковые купить,27100
[окна пластиковые купить],110
пластиковые окна пвх купить,2400
[пластиковые окна пвх купить],210
купить готовые пластиковые окна,720
[купить готовые пластиковые окна],320
купить пластиковые окна от производителя,36
[купить пластиковые окна от производителя],0
пластиковые окна киев цены,2900
[пластиковые окна киев цены],390
пластиковые окна rehau цены,12100
[пластиковые окна rehau цены],480
rehau пластиковые окна цены,12100
[rehau пластиковые окна цены],73
пластиковые окна екатеринбург цены,320
[пластиковые окна екатеринбург цены],110
пластиковые окна уфа цены,170
[пластиковые окна уфа цены],91
пластиковые окна цены киев,2900
[пластиковые окна цены киев],140
пластиковые окна воронеж цены,260
[пластиковые окна воронеж цены],73
пластиковые окна харьков цены,1300
[пластиковые окна харьков цены],260
пластиковые окна саратов цены,210
[пластиковые окна саратов цены],110
пластиковые окна спб цены,480
[пластиковые окна спб цены],58
пластиковые окна волгоград цены,170
[пластиковые окна волгоград цены],91
пластиковые окна тюмень цены,110
[пластиковые окна тюмень цены],58
rehau окна цены,14800
[rehau окна цены],390
пластиковые окна омск цены,170
[пластиковые окна омск цены],73
пластиковые окна цены харьков,1300
[пластиковые окна цены харьков],170
пластиковые окна челябинск цены,170
[пластиковые окна челябинск цены],91
пластиковые окна донецк цены,260
[пластиковые окна донецк цены],36
пластиковые окна днепропетровск цены,390
[пластиковые окна днепропетровск цены],36
[пластиковые окна ярославль цены],36
пластиковые окна ярославль цены,91
[пластиковые окна нижний новгород цены],260
пластиковые окна нижний новгород цены,390
пластиковые окна цены екатеринбург,320
[пластиковые окна цены екатеринбург],22
пластиковые окна ижевск цены,73
[пластиковые окна ижевск цены],22
пластиковые окна иркутск цены,110
[пластиковые окна иркутск цены],22
пластиковые окна цены спб,480
[пластиковые окна цены спб],16
пластиковые окна пермь цены,91
[пластиковые окна пермь цены],22
пластиковые окна новосибирск цены,260
[пластиковые окна новосибирск цены],91
пластиковые окна самара цены,260
[пластиковые окна самара цены],58
пластиковые окна цены новосибирск,260
[пластиковые окна цены новосибирск],16
евроокна цены москва,91
[евроокна цены москва],46
пластиковые окна цены нижний новгород,390
[пластиковые окна цены нижний новгород],28
пластиковые окна цены воронеж,260
[пластиковые окна цены воронеж],12
окна киев цены,5400
[окна киев цены],480
пластиковые окна цены украина,210
[пластиковые окна цены украина],28
окна rehau цены,14800
[окна rehau цены],390
пластиковые окна тула цены,170
[пластиковые окна тула цены],12
[жалюзи на пластиковые окна],2900
жалюзи на пластиковые окна,9900
жалюзи на пластиковые окна киев,210
[жалюзи на пластиковые окна киев],140
рулонные жалюзи на пластиковые окна,720
[рулонные жалюзи на пластиковые окна],390
установка жалюзи на пластиковые окна,1000
[установка жалюзи на пластиковые окна],320
жалюзи на пластиковые окна спб,170
[жалюзи на пластиковые окна спб],140
горизонтальные жалюзи на пластиковые окна,720
[горизонтальные жалюзи на пластиковые окна],260
жалюзи на пластиковые окна цена,880
[жалюзи на пластиковые окна цена],260
как установить жалюзи на пластиковые окна,880
[как установить жалюзи на пластиковые окна],91
деревянные жалюзи на пластиковые окна,110
[деревянные жалюзи на пластиковые окна],91
жалюзи рулонные на пластиковые окна,720
[жалюзи рулонные на пластиковые окна],140
жалюзи на пластиковые окна екатеринбург,73
[жалюзи на пластиковые окна екатеринбург],46
жалюзи горизонтальные на пластиковые окна,720
[жалюзи горизонтальные на пластиковые окна],260
монтаж жалюзи на пластиковые окна,260
[монтаж жалюзи на пластиковые окна],73
[крепление жалюзи на пластиковые окна],91
крепление жалюзи на пластиковые окна,480
вертикальные жалюзи на пластиковые окна,480
[вертикальные жалюзи на пластиковые окна],73
жалюзи на пластиковые окна установка,1000
[жалюзи на пластиковые окна установка],73
жалюзи на пластиковые окна стоимость,480
[жалюзи на пластиковые окна стоимость],73
жалюзи на окна,22200
[жалюзи на окна],2900
как крепить жалюзи на пластиковые окна,480
[как крепить жалюзи на пластиковые окна],91
жалюзи на пластиковые окна фото,260
[жалюзи на пластиковые окна фото],140
заказать пластиковые окна,8100
[заказать пластиковые окна],1000
пластиковые окна заказать,8100
[пластиковые окна заказать],390
где заказать пластиковые окна,8100
[где заказать пластиковые окна],390
окна пвх заказать,3600
[окна пвх заказать],390
где лучше заказать пластиковые окна,390
[где лучше заказать пластиковые окна],140
окна пластиковые заказать,8100
[окна пластиковые заказать],390
заказать окна пвх,3600
[заказать окна пвх],590
заказать окна,18100
[заказать окна],590
заказать окна пвх цена,390
[заказать окна пвх цена],320
цены на пластиковые окна,49500
[цены на пластиковые окна],880
пластиковые окна на заказ цены,260
[пластиковые окна на заказ цены],170
цены на окна пвх,12100
[цены на окна пвх],320
цены на окна пластиковые,49500
[цены на окна пластиковые],140
жалюзи на пластиковые окна цены,480
[жалюзи на пластиковые окна цены],73
цены на пластиковые окна в москве,2400
[цены на пластиковые окна в москве],110
пластиковые окна на цены,49500
[пластиковые окна на цены],5
цены на пластиковые окна в киеве,2900
[цены на пластиковые окна в киеве],22
цены на пластиковые окна в самаре,260
[цены на пластиковые окна в самаре],16
цены на пластиковые окна киев,2900
[цены на пластиковые окна киев],36
цены на пластиковые окна в украине,210
[цены на пластиковые окна в украине],16
[пластиковые цены на окна],16
пластиковые цены на окна,49500
[пластиковые окна расчет],390
пластиковые окна расчет,4400
пластиковые окна расчет стоимости,2400
[пластиковые окна расчет стоимости],390
пластиковые окна расчет цены,1300
[пластиковые окна расчет цены],320
[расчет пластиковые окна],140
расчет пластиковые окна,4400
расчет пластиковых окон,6600
[расчет пластиковых окон],720
[окна пвх расчет стоимости],260
окна пвх расчет стоимости,1300
пластиковые окна пвх,49500
[пластиковые окна пвх],1300
пластиковые пвх окна,49500
[пластиковые пвх окна],170
окна пвх пластиковые окна цены,5400
[окна пвх пластиковые окна цены],36
пластиковые окна пвх недорого,1000
[пластиковые окна пвх недорого],170
лучшие пластиковые окна пвх,390
[лучшие пластиковые окна пвх],210
[пластиковые окна окна пвх],16
пластиковые окна окна пвх,49500
окна пластиковые пвх,49500
[окна пластиковые пвх],73
пластиковые окна пвх цены,5400
[пластиковые окна пвх цены],58
пластиковые окна пвх на заказ,1000
[пластиковые окна пвх на заказ],170
окна пвх пластиковые окна,49500
[окна пвх пластиковые окна],36
[пластиковые окна стеклопакеты],390
пластиковые окна стеклопакеты,22200
стеклопакеты пластиковые окна,22200
[стеклопакеты пластиковые окна],210
пластиковые стеклопакеты,27100
[пластиковые стеклопакеты],480
стеклопакеты пластиковые,27100
[стеклопакеты пластиковые],320
[стеклопакеты пластиковые размеры],140
стеклопакеты пластиковые размеры,390
[пластиковые стеклопакеты цена],210
пластиковые стеклопакеты цена,2400
[пластиковые стеклопакеты цены],210
пластиковые стеклопакеты цены,4400
пластиковые стеклопакеты установка,880
[пластиковые стеклопакеты установка],140
пластиковые окна пвх стеклопакеты,18100
[пластиковые окна пвх стеклопакеты],140
стеклопакеты окна пластиковые,22200
[стеклопакеты окна пластиковые],36
готовые пластиковые окна,3600
[готовые пластиковые окна],480
готовые пластиковые окна цены,390
[готовые пластиковые окна цены],260
готовые пластиковые окна со стеклопакетами,320
[готовые пластиковые окна со стеклопакетами],260
как выбрать пластиковые окна,4400
[как выбрать пластиковые окна],1000
как правильно выбрать пластиковые окна,320
[как правильно выбрать пластиковые окна],210
пластиковые окна как выбрать,4400
[пластиковые окна как выбрать],140
как выбрать пластиковые окна форум,170
[как выбрать пластиковые окна форум],91
пластиковые окна с форточкой,1000
[пластиковые окна с форточкой],480
пластиковые окна с климат контролем,590
[пластиковые окна с климат контролем],480
пластиковые окна с вентиляцией,480
[пластиковые окна с вентиляцией],170
пластиковые окна с завода,590
[пластиковые окна с завода],46
пластиковые окна калькулятор,6600
[пластиковые окна калькулятор],1000
калькулятор пластиковые окна,6600
[калькулятор пластиковые окна],140
пластиковые окна калькулятор стоимости,720
[пластиковые окна калькулятор стоимости],260
калькулятор окон,12100
[калькулятор окон],480
окна калькулятор,12100
[окна калькулятор],390
калькулятор на окна,12100
[калькулятор на окна],73
пластиковые окна цены калькулятор,1000
[пластиковые окна цены калькулятор],260
пластиковые окна калькулятор цены,1000
[пластиковые окна калькулятор цены],140
окна пластиковые калькулятор,6600
[окна пластиковые калькулятор],390
пластиковые окна rehau,22200
[пластиковые окна rehau],1900
пластиковые окна профиль rehau,2400
[пластиковые окна профиль rehau],260
пластиковые окна rehau отзывы,480
[пластиковые окна rehau отзывы],210
пластиковые окна rehau цена,12100
[пластиковые окна rehau цена],260
окна пластиковые rehau калькулятор,590
[окна пластиковые rehau калькулятор],110
пластиковые окна rehau киев,390
[пластиковые окна rehau киев],58
пластиковые окна пвх rehau,1300
[пластиковые окна пвх rehau],91
[пластиковые окна rehau стоимость],73
пластиковые окна rehau стоимость,480
пластиковые окна rehau в москве,2400
[пластиковые окна rehau в москве],170
пластиковые окна дешево,8100
[пластиковые окна дешево],720
окна пластиковые цены дешево,480
[окна пластиковые цены дешево],320
пластиковые окна в москве дешево,1600
[пластиковые окна в москве дешево],320
окна пвх дешево,1900
[окна пвх дешево],390
[пластиковые окна размеры],390
пластиковые окна размеры,2400
пластиковые окна цены и размеры,260
[пластиковые окна цены и размеры],210
окна пвх размеры,880
[окна пвх размеры],260
размеры пластиковых окон,1900
[размеры пластиковых окон],260
[окна пластиковые размеры],170
окна пластиковые размеры,2400
[пластиковые окна рехау],880
пластиковые окна рехау,5400
пластиковые окна рехау цены,2400
[пластиковые окна рехау цены],390
рехау пластиковые окна,5400
[рехау пластиковые окна],320
окна рехау,18100
[окна рехау],2900
окна пвх рехау,880
[окна пвх рехау],480
окна рехау цены,3600
[окна рехау цены],480
окна рехау киев,880
[окна рехау киев],390
рехау окна,18100
[рехау окна],480
[металлопластиковые окна рехау],320
металлопластиковые окна рехау,720
пластиковые окна установка,27100
[пластиковые окна установка],480
пластиковые окна изготовление и установка,720
[пластиковые окна изготовление и установка],110
пластиковые окна установка и монтаж,22200
[пластиковые окна установка и монтаж],260
установка откосов на пластиковые окна,880
[установка откосов на пластиковые окна],320
[изготовление и установка окна пластиковые],140
изготовление и установка окна пластиковые,720
установка пластиковые окна цены,1600
[установка пластиковые окна цены],16
пластиковые окна их установка,36
[пластиковые окна их установка],12
пластиковые окна изготовление установка,720
[пластиковые окна изготовление установка],110
установка пластиковые окна,27100
[установка пластиковые окна],73
установка жалюзей на пластиковые окна,110
[установка жалюзей на пластиковые окна],16
пластиковые окна прайс,1600
[пластиковые окна прайс],260
прайс пластиковые окна,1600
[прайс пластиковые окна],210
прайс лист на пластиковые окна,320
[прайс лист на пластиковые окна],170
[какие пластиковые окна лучше],590
какие пластиковые окна лучше,3600
какие окна лучше,6600
[какие окна лучше],480
какие пластиковые окна лучше выбрать,210
[какие пластиковые окна лучше выбрать],91
какие окна пвх лучше,480
[какие окна пвх лучше],58
пластиковые окна какие лучше,3600
[пластиковые окна какие лучше],170
какие лучше пластиковые окна,3600
[какие лучше пластиковые окна],58
какие пластиковые окна лучше поставить,320
[какие пластиковые окна лучше поставить],140
какие пластиковые окна лучше форум,320
[какие пластиковые окна лучше форум],110
пластиковые окна скидки,2400
[пластиковые окна скидки],480
окна пвх скидки,1300
[окна пвх скидки],320
окна пластиковые скидки,2400
[окна пластиковые скидки],260
скидки на пластиковые окна,2400
[скидки на пластиковые окна],260
скидки пластиковые окна,2400
[скидки пластиковые окна],170
пластиковые окна цены скидки,320
[пластиковые окна цены скидки],320
пластиковые скидки на окна,2400
[пластиковые скидки на окна],12
пластиковые окна в кредит,3600
[пластиковые окна в кредит],1000
окна в кредит,6600
[окна в кредит],590
пластиковые окна в кредит киев,91
[пластиковые окна в кредит киев],12
пластиковые окна veka,5400
[пластиковые окна veka],880
пластиковые окна veka отзывы,390
[пластиковые окна veka отзывы],170
пластиковые окна veka цена,880
[пластиковые окна veka цена],210
veka пластиковые окна,5400
[veka пластиковые окна],210
пластиковые окна veka цены,880
[пластиковые окна veka цены],210
окна veka,22200
[окна veka],1600
окна veka цена,2900
[окна veka цена],480
окна пвх veka,1000
[окна пвх veka],320
veka окна,22200
[veka окна],390
[недорогие пластиковые окна],480
недорогие пластиковые окна,8100
недорогие пластиковые окна цены,1000
[недорогие пластиковые окна цены],320
недорогие окна,14800
[недорогие окна],880
недорогие окна пвх,2400
[недорогие окна пвх],320
пластиковые окна века,4400
[пластиковые окна века],480
пластиковые окна века цены,1000
[пластиковые окна века цены],170
окна 21 века,720
[окна 21 века],260
[окна века отзывы],320
окна века отзывы,1600
пластиковые окна века отзывы,390
[пластиковые окна века отзывы],140
окна века,22200
[окна века],3600
пластиковые окна профили,1900
[пластиковые окна профили],260
профили металлопластиковых окон,590
[профили металлопластиковых окон],210
профили окон пвх,2400
[профили окон пвх],110
профили пластиковые окна,1900
[профили пластиковые окна],140
пвх профили,6600
[пвх профили],73
оконные профили пвх,2400
[оконные профили пвх],170
окна пвх профили,1000
[окна пвх профили],28
пластиковые окна в москве цены,2400
[пластиковые окна в москве цены],480
пластиковые окна цены в москве,2400
[пластиковые окна цены в москве],320
пластиковые окна цены москве,2400
[пластиковые окна цены москве],140
пластиковые окна и двери,3600
[пластиковые окна и двери],590
пластиковые окна двери,3600
[пластиковые окна двери],210
пластиковые окна и двери цены,210
[пластиковые окна и двери цены],170
пластиковые двери и окна,3600
[пластиковые двери и окна],170
[качественные пластиковые окна],390
качественные пластиковые окна,1000
качественные окна пвх,720
[качественные окна пвх],210
качественные пластиковые окна пвх,260
[качественные пластиковые окна пвх],210
окна пластиковые качественные,1000
[окна пластиковые качественные],36
как установить пластиковые окна,27100
[как установить пластиковые окна],210
как правильно установить пластиковые окна,590
[как правильно установить пластиковые окна],170
как установить пластиковые окна самому,590
[как установить пластиковые окна самому],36
пластиковые окна для дачи,3600
[пластиковые окна для дачи],480
готовые пластиковые окна для дачи,590
[готовые пластиковые окна для дачи],320
окна для дачи,8100
[окна для дачи],480
окна пластиковые для дачи,3600
[окна пластиковые для дачи],320
пластиковые окна для деревянного дома,1600
[пластиковые окна для деревянного дома],260
окна для квартиры,4400
[окна для квартиры],210
пластиковые окна для балкона,3600
[пластиковые окна для балкона],260
окна для крыши,1600
[окна для крыши],260
пластиковые окна для коттеджа,480
[пластиковые окна для коттеджа],320
пластиковые окна для дачи цены,590
[пластиковые окна для дачи цены],320
пластиковые окна для дома,3600
[пластиковые окна для дома],210
[окна пвх для дачи],320
окна пвх для дачи,1000
москитные сетки на пластиковые окна,1000
[москитные сетки на пластиковые окна],480
москитные сетки на окна,4400
[москитные сетки на окна],720
[пластиковые окна москитные сетки],91
пластиковые окна москитные сетки,1000
пластиковые окна производство,8100
[пластиковые окна производство],590
окна пвх производство,5400
[окна пвх производство],320
производство пластиковые окна,8100
[производство пластиковые окна],140
евроокна окна производство,1000
[евроокна окна производство],110
металлопластиковые окна производство,1600
[металлопластиковые окна производство],140
пластиковые окна окно,90500
[пластиковые окна окно],110
сколько стоит пластиковое окно,1300
[сколько стоит пластиковое окно],480
окно пластиковое,18100
[окно пластиковое],390
окно пвх,33100
[окно пвх],390
пластиковое окно,18100
[пластиковое окно],880
[пвх окно],58
пвх окно,33100
пластиковое окно цена,1900
[пластиковое окно цена],260
заказать пластиковое окно,260
[заказать пластиковое окно],110
как установить пластиковое окно,2400
[как установить пластиковое окно],320
металлопластиковое окно,1600
[металлопластиковое окно],110
пластиковое окно с форточкой,170
[пластиковое окно с форточкой],110
как выбрать пластиковое окно,480
[как выбрать пластиковое окно],110
как вставить пластиковое окно,390
[как вставить пластиковое окно],73
выбрать пластиковое окно,480
[выбрать пластиковое окно],110
как правильно установить пластиковое окно,260
[как правильно установить пластиковое окно],140
окно пвх стоимость,1000
[окно пвх стоимость],28
металлопластиковые окна,74000
[металлопластиковые окна],8100
металлопластиковые окна цена,12100
[металлопластиковые окна цена],720
металлопластиковые окна пвх,480
[металлопластиковые окна пвх],260
[металлопластиковые окна расчет],170
металлопластиковые окна расчет,1000
[окна металлопластиковые цены],320
окна металлопластиковые цены,8100
металлопластиковые окна производители,1000
[металлопластиковые окна производители],140
металлопластиковые окна расчет цены,210
[металлопластиковые окна расчет цены],170
окна металлопластиковые калькулятор,880
[окна металлопластиковые калькулятор],140
металлопластиковые окна установка,1900
[металлопластиковые окна установка],260
металлопластиковые окна от производителя,720
[металлопластиковые окна от производителя],73
металлопластиковые окна прайс,260
[металлопластиковые окна прайс],140
окна металлопластиковые,74000
[окна металлопластиковые],1900
металлопластиковые окна цены,8100
[металлопластиковые окна цены],880
металлопластиковые окна в киеве,9900
[металлопластиковые окна в киеве],480
окна металлопластиковые от производителя,720
[окна металлопластиковые от производителя],46
[пластиковые окна kbe],590
пластиковые окна kbe,2900
окна kbe,9900
[окна kbe],1300
[пластиковые окна kbe отзывы],28
пластиковые окна kbe отзывы,73
[пластиковые окна профиль kbe],28
пластиковые окна профиль kbe,210
пластиковые окна от производителя,2900
[пластиковые окна от производителя],590
окна от производителя,8100
[окна от производителя],390
окна пластиковые от производителя,2900
[окна пластиковые от производителя],110
пластиковые окна цены от производителя,320
[пластиковые окна цены от производителя],210
пластиковые окна от производителя в москве,170
[пластиковые окна от производителя в москве],110
окна пвх от производителя,880
[окна пвх от производителя],480
раздвижные пластиковые окна,1000
[раздвижные пластиковые окна],320
пластиковые окна раздвижные,1000
[пластиковые окна раздвижные],110
пластиковые раздвижные окна,1000
[пластиковые раздвижные окна],170
производство пластиковых окон,14800
[производство пластиковых окон],1600
производство окон пвх,9900
[производство окон пвх],1000
производство окон,40500
[производство окон],1000
производство и установка пластиковых окон,1300
[производство и установка пластиковых окон],260
производство пвх окон,9900
[производство пвх окон],210
производство металлопластиковых окон,1900
[производство металлопластиковых окон],480
производство пластиковых окон пвх,1900
[производство пластиковых окон пвх],260
производство пластиковых окон москва,1000
[производство пластиковых окон москва],91
[производство пластиковых окон и установка],22
производство пластиковых окон и установка,1300
евроокна,33100
[евроокна],2900
евроокна пластиковые окна,1300
[евроокна пластиковые окна],260
евроокна пвх,880
[евроокна пвх],210
[евроокна стоимость],260
евроокна стоимость,2400
[евроокна пластиковые],91
евроокна пластиковые,1300
[евроокна из пвх],91
евроокна из пвх,880
евроокна эконом,170
[евроокна эконом],170
евроокна на балкон,390
[евроокна на балкон],140
евроокна пластиковые цена,170
[евроокна пластиковые цена],140
пластиковые окна евроокна,1300
[пластиковые окна евроокна],210
деревянные евроокна,9900
[деревянные евроокна],1600
евроокна от производителя,320
[евроокна от производителя],58
установка окон пвх,9900
[установка окон пвх],1600
установка пластиковых окон,40500
[установка пластиковых окон],4400
установка окон,74000
[установка окон],2900
установка пластиковых окон купить,320
[установка пластиковых окон купить],140
установка окон в деревянный дом,720
[установка окон в деревянный дом],210
установка пластиковых окон и дверей,480
[установка пластиковых окон и дверей],36
установка пластиковых окон цены,2900
[установка пластиковых окон цены],590
московские пластиковые окна,720
[московские пластиковые окна],91
московские окна,8100
[московские окна],2400
[московские окна пвх],110
московские окна пвх,480
московские окна пластиковые,720
[московские окна пластиковые],91
гост пластиковые окна,1900
[гост пластиковые окна],110
[пластиковые окна гост],73
пластиковые окна гост,1900
гост на пластиковые окна,1900
[гост на пластиковые окна],46
установить пластиковые окна,27100
[установить пластиковые окна],320
установить пластиковые окна в москве,1000
[установить пластиковые окна в москве],91
установить окна пластиковые,27100
[установить окна пластиковые],28
пластиковые окна в алматы,3600
[пластиковые окна в алматы],1000
пластиковые окна алматы,3600
[пластиковые окна алматы],480
цены пластиковые окна алматы,260
[цены пластиковые окна алматы],28
пластиковые окна в самаре,1600
[пластиковые окна в самаре],210
пластиковые окна цены в самаре,260
[пластиковые окна цены в самаре],16
пластиковые окна в самаре цены,260
[пластиковые окна в самаре цены],58
производители окон пвх,4400
[производители окон пвх],320
стоимость окон пвх,5400
[стоимость окон пвх],480
[окна пвх пластика окон],140
окна пвх пластика окон,27100
производитель окон пвх,2400
[производитель окон пвх],110
ремонт окон пвх,2900
[ремонт окон пвх],1300
компании окон пвх,320
[компании окон пвх],28
производители пвх окон,4400
[производители пвх окон],28
дизайн окон пвх,58
[дизайн окон пвх],36
производители пластиковых окон,8100
[производители пластиковых окон],720
производители окон,22200
[производители окон],390
производители пластиков окон,140
[производители пластиков окон],140
производители металлопластиковых окон,1300
[производители металлопластиковых окон],91
пластиковые окна производители,2400
[пластиковые окна производители],58
[производители окон в москве],22
производители окон в москве,1900
окна двери,22200
[окна двери],720
окна и двери,22200
[окна и двери],590
окна двери пвх,1300
[окна двери пвх],210
двери и окна,22200
[двери и окна],110
стеклопакеты пвх,22200
[стеклопакеты пвх],480
деревянные стеклопакеты цены,1300
[деревянные стеклопакеты цены],260
окна пвх стеклопакеты,18100
[окна пвх стеклопакеты],260
оконные стеклопакеты,1600
[оконные стеклопакеты],320
стеклопакеты москва,4400
[стеклопакеты москва],390
стеклопакеты окна теплые окна,260
[стеклопакеты окна теплые окна],170
окна деревянные стеклопакеты,4400
[окна деревянные стеклопакеты],170
стеклопакеты окна,33100
[стеклопакеты окна],320
[стеклопакеты в москве],140
стеклопакеты в москве,4400
стеклопакеты окна размеры,320
[стеклопакеты окна размеры],140
[стеклопакеты окна от производителя],140
стеклопакеты окна от производителя,320
стеклопакеты цена в москве,480
[стеклопакеты цена в москве],110
балконные стеклопакеты,390
[балконные стеклопакеты],110
окна стеклопакеты цены,5400
[окна стеклопакеты цены],140
стеклопакеты блоки,210
[стеклопакеты блоки],170
деревянные стеклопакеты,9900
[деревянные стеклопакеты],1000
стеклопакеты,135000
[стеклопакеты],4400
стеклопакеты цены,14800
[стеклопакеты цены],480
пластиковые двери,27100
[пластиковые двери],1600
пластиковые двери пвх,1300
[пластиковые двери пвх],260
пластиковые двери в москве,590
[пластиковые двери в москве],110
пластиковые двери цены,2400
[пластиковые двери цены],140
двери пластиковые пвх,1300
[двери пластиковые пвх],91
установка пластиковых окнах,27100
[установка пластиковых окнах],320
все о пластиковых окнах,880
[все о пластиковых окнах],720
отзывы о пластиковых окнах,1600
[отзывы о пластиковых окнах],480
окна из пвх,135000
[окна из пвх],590
пластиковые окна из пвх,49500
[пластиковые окна из пвх],22
окна из пвх цена,12100
[окна из пвх цена],28
продажа окон пвх,3600
[продажа окон пвх],720
продажа пластиковых окон,8100
[продажа пластиковых окон],1600
продажа окон,14800
[продажа окон],1000
установка стеклопакетов,6600
[установка стеклопакетов],720
изготовление стеклопакетов,5400
[изготовление стеклопакетов],720
установка стеклопакетов цена,1000
[установка стеклопакетов цена],320
продажа стеклопакетов,1000
[продажа стеклопакетов],480
стоимость стеклопакетов,8100
[стоимость стеклопакетов],320
установка пластиковых стеклопакетов,2900
[установка пластиковых стеклопакетов],210
качество стеклопакетов,260
[качество стеклопакетов],73
купить металлопластиковые окна,5400
[купить металлопластиковые окна],720
купить окна пвх,8100
[купить окна пвх],1300
купить окна,60500
[купить окна],1300
окна пвх купить,8100
[окна пвх купить],480
купить окна киев,6600
[купить окна киев],590
окна купить,60500
[окна купить],590
металлопластиковые окна купить,5400
[металлопластиковые окна купить],390
цветные пластиковые окна,1000
[цветные пластиковые окна],260
пластиковые окна цветные,1000
[пластиковые окна цветные],260
цветные пластиковые окна цены,210
[цветные пластиковые окна цены],140
пластиковые окна фурнитура,3600
[пластиковые окна фурнитура],110
фурнитура для окон,12100
[фурнитура для окон],1300
фурнитура к пластиковым окнам,170
[фурнитура к пластиковым окнам],140
фурнитура на пластиковые окна,3600
[фурнитура на пластиковые окна],36
какие пластиковые окна поставить,2400
[какие пластиковые окна поставить],58
[поставить пластиковые окна],210
поставить пластиковые окна,2400
пластиковые окна поставить,2400
[пластиковые окна поставить],0
производитель пластиковых окон,5400
[производитель пластиковых окон],210
окна пвх производитель,1600
[окна пвх производитель],210
пластиковые окна производитель,3600
[пластиковые окна производитель],110
производитель пвх профиля,1000
[производитель пвх профиля],110
рассчитать стоимость пластикового окна,1000
[рассчитать стоимость пластикового окна],480
стоимость пластикового окна,2900
[стоимость пластикового окна],320
[цена пластикового окна],91
цена пластикового окна,2400
регулировка пластикового окна,320
[регулировка пластикового окна],170
конструкция пластикового окна,140
[конструкция пластикового окна],91
расчет стоимости пластикового окна,320
[расчет стоимости пластикового окна],140
расчет пластикового окна,590
[расчет пластикового окна],210
выбор пластикового окна,91
[выбор пластикового окна],73
пластикового окна,22200
[пластикового окна],22
монтаж пластикового окна,880
[монтаж пластикового окна],140
расчитать стоимость пластикового окна,1000
[расчитать стоимость пластикового окна],170
пластиковые окна в туле цены,170
[пластиковые окна в туле цены],73
пластиковые окна в саратове цены,210
[пластиковые окна в саратове цены],36
пластиковые окна в киеве цены,2900
[пластиковые окна в киеве цены],22
пластиковые окна в воронеже цены,210
[пластиковые окна в воронеже цены],22
пластиковые окна в алматы цены,260
[пластиковые окна в алматы цены],91
производство пластиковых окон в москве,1300
[производство пластиковых окон в москве],390
установка пластиковых окон и дверей в москве,170
[установка пластиковых окон и дверей в москве],140
фирмы пластиковых окон в москве,140
[фирмы пластиковых окон в москве],28
деревянные окна недорого,1000
[деревянные окна недорого],210
деревянные или пластиковые окна,2400
[деревянные или пластиковые окна],58
деревянные окна,74000
[деревянные окна],8100
окна деревянные,74000
[окна деревянные],1600
деревянные пластиковые окна,2400
[деревянные пластиковые окна],46
деревянные окна цены,5400
[деревянные окна цены],720
деревянные окна цена,6600
[деревянные окна цена],390
металлопластиковые окна донецк,720
[металлопластиковые окна донецк],390
окна донецк,4400
[окна донецк],590
окна казань,3600
[окна казань],320
металлопластиковые окна киев,9900
[металлопластиковые окна киев],2900
окна киев,40500
[окна киев],4400
окна пвх минск,4400
[окна пвх минск],1900
окна металлопластиковые киев,9900
[окна металлопластиковые киев],1000
металлопластиковые окна харьков,2900
[металлопластиковые окна харьков],1000
окна харьков,14800
[окна харьков],1600
окна спб,14800
[окна спб],1300
[деревянные окна киев],480
деревянные окна киев,1300
[металлопластиковые окна одесса],1000
металлопластиковые окна одесса,2900
остекление балконов пластиковыми окнами,1300
[остекление балконов пластиковыми окнами],720
окна остекление,9900
[окна остекление],320
остекление пластиковыми окнами,2400
[остекление пластиковыми окнами],480
остекление балконов пластиковые окна,1900
[остекление балконов пластиковые окна],320
пластиковые окна остекление,4400
[пластиковые окна остекление],210
изготовление и установка пластиковых окон,1000
[изготовление и установка пластиковых окон],260
изготовление пластиковых окон,12100
[изготовление пластиковых окон],1300
изготовление окон,27100
[изготовление окон],720
изготовление окон пвх,5400
[изготовление окон пвх],480
стеклопакеты в окнах пвх,170
[стеклопакеты в окнах пвх],170
установка окон пвх в москве,210
[установка окон пвх в москве],140
[пластиковые окна пвх на заказ в москве],140
пластиковые окна пвх на заказ в москве,170
фирмы пластиковых окон,3600
[фирмы пластиковых окон],390
пластиковые окна фирмы,2400
[пластиковые окна фирмы],210
какой фирмы пластиковые окна лучше,140
[какой фирмы пластиковые окна лучше],5
профиль пвх для пластиковых окон,1300
[профиль пвх для пластиковых окон],320
для пластиковых окон,368000
[для пластиковых окон],91
фурнитура для пластиковых окон,5400
[фурнитура для пластиковых окон],1300
пластиковый стеклопакет,480
[пластиковый стеклопакет],170
металлопластиковый стеклопакет,260
[металлопластиковый стеклопакет],91
[стеклопакет],1600
стеклопакет,110000
окна rehau,49500
[окна rehau],3600
окна пвх rehau,3600
[окна пвх rehau],590
rehau окна,49500
[rehau окна],880
металлопластиковые окна rehau,1600
[металлопластиковые окна rehau],590
окна rehau киев,1600
[окна rehau киев],390
дверь пластиковая цена,1300
[дверь пластиковая цена],91
пластиковая дверь стоимость,1300
[пластиковая дверь стоимость],91
пластиковая дверь пвх,390
[пластиковая дверь пвх],91
пластиковые окна рассчитать,2400
[пластиковые окна рассчитать],210
рассчитать пластиковые окна,2400
[рассчитать пластиковые окна],260
рассчитать стоимость окна,2900
[рассчитать стоимость окна],480
пластиковые окна пвх профиль,720
[пластиковые окна пвх профиль],170
профиль пвх,18100
[профиль пвх],1000
пвх профиль,18100
[пвх профиль],720
профиль пвх окон,4400
[профиль пвх окон],390
пластиковые окна жалюзи,9900
[пластиковые окна жалюзи],36
жалюзи пластиковые окна,9900
[жалюзи пластиковые окна],22
[пластиковые окна с жалюзи],36
пластиковые окна с жалюзи,9900
пластиковые окна отзывы,8100
[пластиковые окна отзывы],1300
пластиковые окна цены,49500
[пластиковые окна цены],4400
пластиковые окна форум,8100
[пластиковые окна форум],320
пластиковые окна цена,60500
[пластиковые окна цена],1300
пластиковые окна в рассрочку,2400
[пластиковые окна в рассрочку],1000
пластиковые окна калева,480
[пластиковые окна калева],110
пластиковые окна в москве,18100
[пластиковые окна в москве],590
[пластиковые окна стоимость],720
пластиковые окна стоимость,18100
[лучшие пластиковые окна],590
лучшие пластиковые окна,2900
[пластиковые окна недорого],590
пластиковые окна недорого,8100
[пластиковые окна под дерево],390
пластиковые окна под дерево,1000
[пластиковые окна на заказ],390
пластиковые окна на заказ,6600
пластиковые окна балкон,4400
[пластиковые окна балкон],390
[пластиковые окна продажа],880
пластиковые окна продажа,3600
[сколько стоят пластиковые окна],390
сколько стоят пластиковые окна,1600
[пластиковые окна веко],260
пластиковые окна веко,880
пластиковые окна эконом,880
[пластиковые окна эконом],260
пластиковые окна в киеве,14800
[пластиковые окна в киеве],590
выбрать пластиковые окна,4400
[выбрать пластиковые окна],260
[пластиковые окна откосы],320
пластиковые окна откосы,1900
[немецкие пластиковые окна],320
немецкие пластиковые окна,720
пластиковые окна акции,1600
[пластиковые окна акции],320
пластиковые окна эконом класса,320
[пластиковые окна эконом класса],260
пластиковые окна и цены,49500
[пластиковые окна и цены],320
пластиковые окна регулировка,5400
[пластиковые окна регулировка],140
пластиковые окна под ключ,590
[пластиковые окна под ключ],260
пластиковые окна изготовление,4400
[пластиковые окна изготовление],320
хорошие пластиковые окна,720
[хорошие пластиковые окна],210
вставить пластиковые окна,880
[вставить пластиковые окна],140
пластиковые окна в туле,1300
[пластиковые окна в туле],480
пластиковые окна ламинированные,720
[пластиковые окна ламинированные],210
пластиковые окна лоджия,1300
[пластиковые окна лоджия],170
куплю пластиковые окна,14800
[куплю пластиковые окна],320
пластиковые окна в подмосковье,590
[пластиковые окна в подмосковье],110
лучшие пластиковые окна в москве,320
[лучшие пластиковые окна в москве],140
пластиковые окна цвета,320
[пластиковые окна цвета],110
пластиковые окна в новосибирске,1600
[пластиковые окна в новосибирске],170
стоимость пластиковые окна,18100
[стоимость пластиковые окна],170
пластиковые окна в нижнем новгороде,2900
[пластиковые окна в нижнем новгороде],480
запотевают пластиковые окна,590
[запотевают пластиковые окна],110
пластиковые окна фото,2400
[пластиковые окна фото],480
пластиковые окна в екатеринбурге,2400
[пластиковые окна в екатеринбурге],91
пластиковые окна роста,73
[пластиковые окна роста],58
[пластиковые окна уход],170
пластиковые окна уход,1300
пластиковые окна в харькове,5400
[пластиковые окна в харькове],170
пластиковые окна запорожье,1600
[пластиковые окна запорожье],320
пластиковые окна в казани,1300
[пластиковые окна в казани],110
пластиковые окна на балкон,4400
[пластиковые окна на балкон],480
пластиковые окна в санкт-петербурге,2400
[пластиковые окна в санкт-петербурге],140
пластиковые окна кбе,2400
[пластиковые окна кбе],390
окна пластиковые,450000
[окна пластиковые],3600
пластиковые окна петербург,4400
[пластиковые окна петербург],210
какие пластиковые окна,450000
[какие пластиковые окна],91
сетки на пластиковые окна,1900
[сетки на пластиковые окна],210
пластиковые окна в омске,880
[пластиковые окна в омске],91
пластиковые окна компании,2400
[пластиковые окна компании],110
москитная сетка на пластиковые окна,1000
[москитная сетка на пластиковые окна],110
метало пластиковые окна,1300
[метало пластиковые окна],91
пластиковые окна в запорожье,1600
[пластиковые окна в запорожье],170
расценки на пластиковые окна,480
[расценки на пластиковые окна],140
металло пластиковые окна,49500
[металло пластиковые окна],170
пластиковые окна в пензе,480
[пластиковые окна в пензе],110
пластиковые окна в саратове,1300
[пластиковые окна в саратове],140
цена на пластиковые окна,60500
[цена на пластиковые окна],210
пластиковые окна в томске,720
[пластиковые окна в томске],110
пластиковые окна в,450000
[пластиковые окна в],46
пластиковые окна конструкция,260
[пластиковые окна конструкция],36
пластиковые окна в челябинске,1300
[пластиковые окна в челябинске],91
пластиковые окна хамелеон,140
[пластиковые окна хамелеон],46
пластиковые окна в калининграде,480
[пластиковые окна в калининграде],110
окна пластиковые цена,60500
[окна пластиковые цена],480
пластиковые окна в ярославле,590
[пластиковые окна в ярославле],73
пластиковые окна в оренбурге,590
[пластиковые окна в оренбурге],73
пластиковые окна в калуге,720
[пластиковые окна в калуге],91
пластиковые окна кредит,3600
[пластиковые окна кредит],170
пластиковые окна ремонт,5400
[пластиковые окна ремонт],140
пластиковые окна salamander,880
[пластиковые окна salamander],210
пластиковые окна в твери,480
[пластиковые окна в твери],73
пластиковые окна в перми,590
[пластиковые окна в перми],91
пластиковые окна плачут,480
[пластиковые окна плачут],28
[пластиковые окна астана],260
пластиковые окна астана,720
пластиковые окна википедия,110
[пластиковые окна википедия],46
пластиковые окна заказ,6600
[пластиковые окна заказ],260
пластиковые окна в кирове,590
[пластиковые окна в кирове],73
пластиковые окна в волгограде,880
[пластиковые окна в волгограде],73
пластиковые окна отзывы форум,6600
[пластиковые окна отзывы форум],140
пластиковые окна королев,480
[пластиковые окна королев],210
стандартные пластиковые окна,1600
[стандартные пластиковые окна],320
сетка на пластиковые окна,1600
[сетка на пластиковые окна],91
форум пластиковые окна,8100
[форум пластиковые окна],140
рулонные шторы на пластиковые окна,1000
[рулонные шторы на пластиковые окна],720
пластиковые окна профиль,8100
[пластиковые окна профиль],390
как утеплить пластиковые окна,590
[как утеплить пластиковые окна],260
пластиковые окна в одессе,2900
[пластиковые окна в одессе],91
пластиковые окна в орле,210
[пластиковые окна в орле],73
пластиковые окна в зеленограде,480
[пластиковые окна в зеленограде],73
пластиковые окна в люберцах,390
[пластиковые окна в люберцах],73
как вставить пластиковые окна,880
[как вставить пластиковые окна],73
пластиковые окна во владимире,170
[пластиковые окна во владимире],91
пластиковые окна не дорого,2400
[пластиковые окна не дорого],140
пластиковые окна форум отзывы,6600
[пластиковые окна форум отзывы],140
самые лучшие пластиковые окна,390
[самые лучшие пластиковые окна],210
пластиковые окна монтаж,22200
[пластиковые окна монтаж],210
акции пластиковые окна,1600
[акции пластиковые окна],140
элитные пластиковые окна,320
[элитные пластиковые окна],210
пластиковые окна в минске,880
[пластиковые окна в минске],110
пластиковые окна акция,1300
[пластиковые окна акция],210
пластиковые окна в курске,260
[пластиковые окна в курске],73
пластиковые окна самые низкие цены,320
[пластиковые окна самые низкие цены],210
клапаны приточной вентиляции на пластиковые окна,590
[клапаны приточной вентиляции на пластиковые окна],110
как устанавливать пластиковые окна,480
[как устанавливать пластиковые окна],140
пластиковые окна саламандра,390
[пластиковые окна саламандра],73
пластиковые окна в подольске,590
[пластиковые окна в подольске],140
пластиковые окна лучше,3600
[пластиковые окна лучше],36
пластиковые окна картинки,320
[пластиковые окна картинки],91
какие выбрать пластиковые окна,4400
[какие выбрать пластиковые окна],140
ламинированные пластиковые окна,720
[ламинированные пластиковые окна],170
энергосберегающие пластиковые окна,480
[энергосберегающие пластиковые окна],210
какие пластиковые окна выбрать,4400
[какие пластиковые окна выбрать],140
пластиковые окна клапаны приточной вентиляции,590
[пластиковые окна клапаны приточной вентиляции],91
пластиковые окна в лобне,210
[пластиковые окна в лобне],73
вредны ли пластиковые окна,480
[вредны ли пластиковые окна],110
пластиковые окна сок,91
[пластиковые окна сок],22
пластиковые окна в ульяновске,480
[пластиковые окна в ульяновске],36
пластиковые окна распродажа,1300
[пластиковые окна распродажа],91
пластиковые окна в мытищах,390
[пластиковые окна в мытищах],73
шторы на пластиковые окна,2400
[шторы на пластиковые окна],260
пластиковые окна в караганде,260
[пластиковые окна в караганде],58
теплые пластиковые окна,320
[теплые пластиковые окна],140
текут пластиковые окна,480
[текут пластиковые окна],91
отзывы пластиковые окна,8100
[отзывы пластиковые окна],140
сравнить пластиковые окна,390
[сравнить пластиковые окна],91
пластиковые окна в костроме,170
[пластиковые окна в костроме],58
пластиковые окна gealan,260
[пластиковые окна gealan],73
пластиковые окна своими руками,1000
[пластиковые окна своими руками],91
какие бывают пластиковые окна,170
[какие бывают пластиковые окна],73
пластиковые окна в серпухове,140
[пластиковые окна в серпухове],36
пластиковые окна trocal,210
[пластиковые окна trocal],91
пластиковые окна скидка,2400
[пластиковые окна скидка],22
пластиковые окна в днепропетровске,1900
[пластиковые окна в днепропетровске],28
пластиковые окна в ижевске,390
[пластиковые окна в ижевске],28
лучшие пластиковые окна отзывы,140
[лучшие пластиковые окна отзывы],140
пластиковые окна proplex,260
[пластиковые окна proplex],91
пластиковые окна отлив,91
[пластиковые окна отлив],12
[пластиковые окна на],5
пластиковые окна на,450000
[на пластиковые окна],22
на пластиковые окна,450000
[пластиковые окна реклама],73
пластиковые окна реклама,260
[пластиковые окна жуковский],36
пластиковые окна жуковский,73
[продажа пластиковые окна],260
продажа пластиковые окна,3600
[пластиковые окна в таллинне],46
пластиковые окна в таллинне,110
акции на пластиковые окна,1600
[акции на пластиковые окна],140
нестандартные пластиковые окна,390
[нестандартные пластиковые окна],170
пластиковые окна в архангельске,170
[пластиковые окна в архангельске],36
пластиковые окна панорама,210
[пластиковые окна панорама],73
[пластиковые окна описание],73
пластиковые окна описание,320
пластиковые окна wintech,110
[пластиковые окна wintech],73
пластиковые окна каталог,390
[пластиковые окна каталог],73
пластиковые окна рассрочка,2400
[пластиковые окна рассрочка],91
[пластиковые окна на лоджию],170
пластиковые окна на лоджию,1900
пластиковые окна schuco,320
[пластиковые окна schuco],73
пластиковые окна фаворит,210
[пластиковые окна фаворит],73
пластиковые окна саламандер,320
[пластиковые окна саламандер],110
[пластиковые окна veko],170
пластиковые окна veko,720
[пластиковые окна караганда],73
пластиковые окна караганда,260
почему потеют пластиковые окна,1900
[почему потеют пластиковые окна],590
[выбираем пластиковые окна],140
выбираем пластиковые окна,170
[пластиковые окна московская область],170
пластиковые окна московская область,720
пластиковые окна рейтинг,480
[пластиковые окна рейтинг],58
[пластиковые окна зимой],140
пластиковые окна зимой,880
[пластиковые окна по низким ценам],73
пластиковые окна по низким ценам,91
[пластиковые окна в смоленске],36
пластиковые окна в смоленске,260
[пластиковые окна со скидкой],390
пластиковые окна со скидкой,2400
[окна пластиковые стоимость],110
окна пластиковые стоимость,18100
немецкий профиль пластиковые окна,140
[немецкий профиль пластиковые окна],91
пластиковые окна кве,480
[пластиковые окна кве],210
пластиковые окна монблан,320
[пластиковые окна монблан],140
пластиковые окна в белгороде,480
[пластиковые окна в белгороде],28
однокамерные пластиковые окна,390
[однокамерные пластиковые окна],140
пластиковые окна выбор,320
[пластиковые окна выбор],46
пластиковые окна в рязани,390
[пластиковые окна в рязани],22
пластиковые окна в эстонии,73
[пластиковые окна в эстонии],28
пластиковые окна пластик,74000
[пластиковые окна пластик],12
пластиковые окна без установки,390
[пластиковые окна без установки],91
российские пластиковые окна,170
[российские пластиковые окна],110
цены пластиковые окна,49500
[цены пластиковые окна],170
пластиковые окна в ростове,1000
[пластиковые окна в ростове],58
новые пластиковые окна,480
[новые пластиковые окна],170
пластиковые окна строгино,140
[пластиковые окна строгино],73
потеют пластиковые окна,1900
[потеют пластиковые окна],320
пластиковые окна лучшие,2900
[пластиковые окна лучшие],110
пластиковые окна низкие цены,1000
[пластиковые окна низкие цены],320
окна пластиковые профиль,8100
[окна пластиковые профиль],110
как ставить пластиковые окна,880
[как ставить пластиковые окна],91
пластиковые окна бу,590
[пластиковые окна бу],58
цена пластиковые окна,60500
[цена пластиковые окна],260
статьи пластиковые окна,480
[статьи пластиковые окна],22
пластиковые окна оборудование,1000
[пластиковые окна оборудование],46
пластиковые окна аттик,58
[пластиковые окна аттик],46
пластиковые окна хмельницкий,140
[пластиковые окна хмельницкий],28
пластиковые окна шуко,170
[пластиковые окна шуко],91
пластиковые окна какие выбрать,4400
[пластиковые окна какие выбрать],36
пластиковые окна в уфе,1000
[пластиковые окна в уфе],73
пластиковые окна на дачу,2400
[пластиковые окна на дачу],260
как отрегулировать пластиковые окна,2400
[как отрегулировать пластиковые окна],720
как регулировать пластиковые окна,8100
[как регулировать пластиковые окна],590
современные пластиковые окна,260
[современные пластиковые окна],210
пластиковые окна сравнение,390
[пластиковые окна сравнение],46
пластиковые окна экспертиза,260
[пластиковые окна экспертиза],58
окна пластиковые цены,49500
[окна пластиковые цены],1000
пластиковые окна в магнитогорске,170
[пластиковые окна в магнитогорске],16
фото пластиковые окна,2400
[фото пластиковые окна],36
пластиковые окна в виннице,390
[пластиковые окна в виннице],22
пластиковые окна дилерам,320
[пластиковые окна дилерам],46
пластиковые окна качество,880
[пластиковые окна качество],12
пластиковые окна в воронеже,1600
[пластиковые окна в воронеже],73
пластиковые окна фирма,1900
[пластиковые окна фирма],91
пластиковые окна тиссен,73
[пластиковые окна тиссен],46
акция пластиковые окна,1300
[акция пластиковые окна],46
пластиковые окна в петербурге,4400
[пластиковые окна в петербурге],12
правильные пластиковые окна,390
[правильные пластиковые окна],36
пластиковые окна виды,480
[пластиковые окна виды],46
пластиковые окна оптом,390
[пластиковые окна оптом],170
пластиковые окна в деревянном доме,1900
[пластиковые окна в деревянном доме],390
пластиковые окна завод,590
[пластиковые окна завод],46
пластиковые окна харькове,5400
[пластиковые окна харькове],46
пластиковые окна трехкамерные,480
[пластиковые окна трехкамерные],210
пластиковые окна германия,170
[пластиковые окна германия],58
пластиковые окна питер,73
[пластиковые окна питер],28
пластиковые окна от производителей,2400
[пластиковые окна от производителей],170
пластиковые окна балконы,2900
[пластиковые окна балконы],58
пластиковые окна замер,260
[пластиковые окна замер],140
пластиковые окна в питере,73
[пластиковые окна в питере],16
пластиковые окна лучшие цены,320
[пластиковые окна лучшие цены],170
пластиковые окна доступные цены,22
[пластиковые окна доступные цены],16
пластиковые окна в краснодаре,1600
[пластиковые окна в краснодаре],73
пластиковые окна в москве цена,2900
[пластиковые окна в москве цена],140
пластиковые окна в украине,720
[пластиковые окна в украине],16
пластиковые окна статьи,480
[пластиковые окна статьи],260
пластиковые окна aluplast,170
[пластиковые окна aluplast],46
ролеты на пластиковые окна,73
[ролеты на пластиковые окна],22
пластиковые окна отзывы о фирмах,320
[пластиковые окна отзывы о фирмах],170
пластиковые окна комплектующие,1000
[пластиковые окна комплектующие],36
пластиковые окна в ногинске,140
[пластиковые окна в ногинске],22
ремонт пластиковые окна,5400
[ремонт пластиковые окна],12
компании пластиковые окна,2400
[компании пластиковые окна],58
пластиковые окна домодедово,480
[пластиковые окна домодедово],140
пластиковые окна дом,1900
[пластиковые окна дом],140
пластиковые окна в ростове на дону,390
[пластиковые окна в ростове на дону],28
пластиковые окна в квартиру,390
[пластиковые окна в квартиру],140
лучше пластиковые окна,3600
[лучше пластиковые окна],110
пластиковые окна в астане,720
[пластиковые окна в астане],110
пластиковые окна верея,58
[пластиковые окна верея],36
пластиковые окна хоббит,28
[пластиковые окна хоббит],16
пластиковые окна витраж,480
[пластиковые окна витраж],140
пластиковые окна в тюмени,720
[пластиковые окна в тюмени],46
пластиковые окна цены лучшие,320
[пластиковые окна цены лучшие],140
чем мыть пластиковые окна,720
[чем мыть пластиковые окна],260
коричневые пластиковые окна,720
[коричневые пластиковые окна],210
гарантия на пластиковые окна,260
[гарантия на пластиковые окна],140
рольшторы на пластиковые окна,170
[рольшторы на пластиковые окна],140
откосы на пластиковые окна,1900
[откосы на пластиковые окна],140
пластиковые окна свао,110
[пластиковые окна свао],91
пластиковые окна в донецке,1300
[пластиковые окна в донецке],46
профиль пластиковые окна,8100
[профиль пластиковые окна],22
какие пластиковые окна самые лучшие,390
[какие пластиковые окна самые лучшие],16
оборудование пластиковые окна,1000
[оборудование пластиковые окна],16
пластиковые окна стандартные,1600
[пластиковые окна стандартные],12
цена на окна пластиковые,60500
[цена на окна пластиковые],36
пластиковые окна в москве лучшие компании,140
[пластиковые окна в москве лучшие компании],140
реклама пластиковые окна,260
[реклама пластиковые окна],16
пластиковые окна саратова,1300
[пластиковые окна саратова],16
цены окна пластиковые,49500
[цены окна пластиковые],36
[пластиковые окна в красноярске],28
пластиковые окна в красноярске,590
окна,1830000
[окна],18100
окна пвх цены,12100
[окна пвх цены],1600
окна цены,90500
[окна цены],1300
окна пвх,135000
[окна пвх],14800
металопластиковые окна,3600
[металопластиковые окна],880
окна пвх цена,12100
[окна пвх цена],480
пвх окна,135000
[пвх окна],1300
евро окна,27100
[евро окна],590
лучшие окна пвх,1300
[лучшие окна пвх],390
окна в москве,33100
[окна в москве],480
стоимость окна пвх,4400
[стоимость окна пвх],320
окна пвх отзывы,1300
[окна пвх отзывы],260
цены окна пвх,12100
[цены окна пвх],260
энергосберегающие окна,2900
[энергосберегающие окна],1000
элитные окна,2400
[элитные окна],390
цена окна пвх,12100
[цена окна пвх],140
окна пвх лучшие,1300
[окна пвх лучшие],170
окна пвх хорошие,390
[окна пвх хорошие],170
арочные окна,2400
[арочные окна],390
новые окна пвх,480
[новые окна пвх],170
окна на дачу,6600
[окна на дачу],390
панорамные окна,1300
[панорамные окна],320
[окна из алюминиевого профиля],320
окна из алюминиевого профиля,590
[окна стоимость],170
окна стоимость,49500
окна пластиков,2400
[окна пластиков],140
наши окна,1000
[наши окна],170
окна от природы,480
[окна от природы],140
окна в квартиру,3600
[окна в квартиру],320
окна из дерева,60500
[окна из дерева],1300
окна роста,4400
[окна роста],2400
окна кбе,5400
[окна кбе],1300
мансардные окна,18100
[мансардные окна],3600
алюминиевые окна,14800
[алюминиевые окна],2400
окна пвх продажа,1600
[окна пвх продажа],720
окна в рассрочку,6600
[окна в рассрочку],880
окна на заказ,14800
[окна на заказ],880
окна калева,2900
[окна калева],880
окна пвх москвы,8100
[окна пвх москвы],28
пластиковие окна,140
[пластиковие окна],28
окна статьи,1000
[окна статьи],73
окна цена,110000
[окна цена],590
окна пвх недорого,2400
[окна пвх недорого],390
pvc окна,90500
[pvc окна],22
цены пвх окна,12100
[цены пвх окна],22
компании окна,4400
[компании окна],28
окна со стеклопакетами,12100
[окна со стеклопакетами],480
куплю окна пвх,4400
[куплю окна пвх],320
окна пвх экспертиза,28
[окна пвх экспертиза],12
[заказ окна пвх],260
заказ окна пвх,2900
[рольставни на окна],1000
рольставни на окна,2900
[немецкие окна],1300
немецкие окна,3600
стоимость пластиковых окон,18100
[стоимость пластиковых окон],1000
пластиковых окон,368000
[пластиковых окон],260
компании пластиковых окон,2400
[компании пластиковых окон],210
типы пластиковых окон,1600
[типы пластиковых окон],320
компании по производству пластиковых окон,260
[компании по производству пластиковых окон],170
конструкция пластиковых окон,480
[конструкция пластиковых окон],170
качество пластиковых окон,1000
[качество пластиковых окон],110
монтаж пластиковых окон,33100
[монтаж пластиковых окон],2400
ремонт пластиковых окон,9900
[ремонт пластиковых окон],1900
компания по производству пластиковых окон,260
[компания по производству пластиковых окон],36
заказ пластиковых окон,5400
[заказ пластиковых окон],480
выбор пластиковых окон,1000
[выбор пластиковых окон],480
завод пластиковых окон,2900
[завод пластиковых окон],480
виды пластиковых окон,1300
[виды пластиковых окон],480
цена установки пластиковых окон,2900
[цена установки пластиковых окон],28
заказ окон пластиковых,5400
[заказ окон пластиковых],260
цена пластиковых окон,33100
[цена пластиковых окон],590
cтеклопакеты пвх,140
[cтеклопакеты пвх],140
пластиковые пвх,74000
[пластиковые пвх],91
двери пвх,12100
[двери пвх],1300